id,x,y,deg
008_0,s1.620040,s0.000000,s0.000000
008_1,s1.620040,s1.620040,s0.000000
008_2,s0.000000,s1.620040,s0.000000
008_3,s-1.620040,s1.620040,s0.000000
008_4,s-1.620040,s0.000000,s0.000000
008_5,s-1.620040,s-1.620040,s0.000000
008_6,s-0.000000,s-1.620040,s0.000000
008_7,s1.620040,s-1.620040,s0.000000
