id,x,y,deg
008_0,s-1.631117,s1.521223,s0.000000
008_1,s-0.011118,s1.520184,s0.000000
008_2,s1.608882,s1.520783,s0.000000
008_3,s-1.631037,s-0.098777,s0.000000
008_4,s-0.011038,s-0.099817,s0.000000
008_5,s1.608962,s-0.099217,s0.000000
008_6,s-0.811375,s-1.520544,s0.000000
008_7,s0.808670,s-1.520000,s0.000000
