id,x,y,deg
008_0,s0.000000,s-0.760000,s0.000000
008_1,s-1.140000,s0.760000,s135.000000
008_2,s1.140000,s-1.773333,s270.000000
008_3,s-1.710000,s-0.253333,s45.000000
008_4,s0.570000,s1.266667,s180.000000
008_5,s-0.570000,s-1.266667,s315.000000
008_6,s1.710000,s0.253333,s90.000000
008_7,s-1.995000,s1.773333,s225.000000
