id,x,y,deg
008_0,s0.425034,s-0.375918,s0.000000
008_1,s-0.760006,s0.897093,s135.000000
008_2,s1.343244,s-1.753545,s270.000000
008_3,s-1.745891,s-0.388377,s45.000000
008_4,s0.781790,s1.394348,s180.000000
008_5,s-0.654011,s-1.585121,s315.000000
008_6,s1.942050,s0.263774,s90.000000
008_7,s-1.984468,s1.957797,s225.000000
