id,x,y,deg
008_0,s-2.025024,s1.405416,s0.000000
008_1,s-0.405005,s1.405416,s180.000000
008_2,s1.215014,s1.405416,s0.000000
008_3,s-1.215014,s0.000000,s180.000000
008_4,s0.405005,s0.000000,s0.000000
008_5,s2.025024,s0.000000,s180.000000
008_6,s-2.025024,s-1.405416,s0.000000
008_7,s-0.405005,s-1.405416,s180.000000
