id,x,y,deg
006_0,s-1.398858,s0.571909,s45.000000
006_1,s-0.005820,s1.398858,s225.000000
006_2,s1.398858,s0.591839,s45.000000
006_3,s-1.398858,s-1.244822,s225.000000
006_4,s-0.057489,s-0.336456,s45.000000
006_5,s1.398858,s-1.046001,s225.000000
