id,x,y,deg
006_0,s-1.352000,s0.488761,s0.000000
006_1,s0.018846,s1.352000,s0.000000
006_2,s1.352000,s0.431619,s0.000000
006_3,s-1.352000,s-1.352000,s0.000000
006_4,s-0.018846,s-0.431619,s0.000000
006_5,s1.314308,s-1.352000,s0.000000
