id,x,y,deg
006_0,s-0.720000,s0.510000,s0.000000
006_1,s0.000000,s0.510000,s0.000000
006_2,s0.720000,s0.510000,s0.000000
006_3,s-0.720000,s-0.510000,s0.000000
006_4,s0.000000,s-0.510000,s0.000000
006_5,s0.720000,s-0.510000,s0.000000
