id,x,y,deg
004_0,s-0.830545,s0.789422,s45.000000
004_1,s0.830545,s0.830418,s225.000000
004_2,s-0.818924,s-0.830536,s225.000000
004_3,s0.800551,s-0.789304,s45.000000
