id,x,y,deg
004_0,s1.145561,s0.000000,s0.000000
004_1,s0.000000,s1.145561,s0.000000
004_2,s-1.145561,s0.000000,s0.000000
004_3,s-0.000000,s-1.145561,s0.000000
