id,x,y,deg
004_0,s-0.810000,s0.636955,s0.000000
004_1,s0.810000,s0.636955,s0.000000
004_2,s-0.810000,s-0.983045,s0.000000
004_3,s0.810000,s-0.983045,s0.000000
