id,x,y,deg
004_0,s0.076933,s-0.062195,s0.000000
004_1,s-0.693904,s1.393833,s135.000000
004_2,s1.261117,s-1.167685,s270.000000
004_3,s-1.541315,s0.013147,s45.000000
