id,x,y,deg
004_0,s-0.890000,s0.772102,s0.000000
004_1,s0.890000,s0.772102,s180.000000
004_2,s0.000000,s-0.772102,s0.000000
004_3,s1.780000,s-0.772102,s180.000000
