id,x,y,deg
004_0,s0.060272,s-0.186007,s0.000000
004_1,s-1.134265,s0.908287,s135.000000
004_2,s0.073879,s-1.805973,s270.000000
004_3,s1.228082,s1.647616,s45.000000
