id,x,y,deg
002_0,s0.000000,s-0.760000,s0.000000
002_1,s-1.140000,s0.760000,s135.000000
