id,x,y,deg
010_0,s-1.249759,s0.833173,s45.000000
010_1,s-0.416586,s0.833173,s225.000000
010_2,s0.416586,s0.833173,s45.000000
010_3,s1.249759,s0.833173,s225.000000
010_4,s-1.249759,s0.000000,s225.000000
010_5,s-0.416586,s0.000000,s45.000000
010_6,s0.416586,s0.000000,s225.000000
010_7,s1.249759,s0.000000,s45.000000
010_8,s-1.249759,s-0.833173,s45.000000
010_9,s-0.416586,s-0.833173,s225.000000
