id,x,y,deg
010_0,s2.430000,s0.000000,s0.000000
010_1,s1.965911,s1.428318,s0.000000
010_2,s0.750911,s2.311067,s0.000000
010_3,s-0.750911,s2.311067,s0.000000
010_4,s-1.965911,s1.428318,s0.000000
010_5,s-2.430000,s0.000000,s0.000000
010_6,s-1.965911,s-1.428318,s0.000000
010_7,s-0.750911,s-2.311067,s0.000000
010_8,s0.750911,s-2.311067,s0.000000
010_9,s1.965911,s-1.428318,s0.000000
