id,x,y,deg
010_0,s2.623017,s-0.296743,s0.000000
010_1,s2.119934,s1.243162,s0.000000
010_2,s0.807657,s2.193072,s0.000000
010_3,s-0.812342,s2.191477,s0.000000
010_4,s-2.122087,s1.238079,s0.000000
010_5,s-2.621348,s-0.303070,s0.000000
010_6,s-2.119490,s-1.843374,s0.000000
010_7,s-0.808290,s-2.794771,s0.000000
010_8,s0.811705,s-2.790756,s0.000000
010_9,s2.121244,s-1.837076,s0.000000
