id,x,y,deg
010_0,s-1.869500,s1.869500,s0.000000
010_1,s0.329418,s1.869500,s0.000000
010_2,s1.869500,s0.260670,s0.000000
010_3,s1.869500,s1.869500,s0.000000
010_4,s-1.869500,s-0.289913,s0.000000
010_5,s-0.704935,s0.747390,s0.000000
010_6,s0.420817,s-0.411021,s0.000000
010_7,s1.651668,s-1.651894,s0.000000
010_8,s-1.869500,s-1.869500,s0.000000
010_9,s-0.254024,s-1.869500,s0.000000
