id,x,y,deg
010_0,s0.976437,s-0.399449,s0.000000
010_1,s-0.787345,s1.180063,s135.000000
010_2,s1.927603,s-1.710816,s270.000000
010_3,s-2.165966,s0.065427,s45.000000
010_4,s0.788979,s1.553697,s180.000000
010_5,s-1.317843,s-1.954509,s315.000000
010_6,s2.165966,s0.700288,s90.000000
010_7,s-2.097126,s2.133411,s225.000000
010_8,s0.325987,s-2.165966,s0.000000
010_9,s-0.641434,s-0.482479,s135.000000
