id,x,y,deg
010_0,s0.211920,s-0.059780,s0.000000
010_1,s-0.982618,s1.034514,s135.000000
010_2,s0.225521,s-1.679731,s270.000000
010_3,s1.379717,s1.773834,s45.000000
010_4,s-2.371538,s-0.363952,s180.000000
010_5,s2.413107,s-1.420854,s315.000000
010_6,s-0.716906,s3.003400,s90.000000
010_7,s-1.440966,s-2.845045,s225.000000
010_8,s3.368650,s1.272186,s0.000000
010_9,s-3.368650,s1.488592,s180.000000
