id,x,y,deg
001_0,s0.000006,s-0.000006,s45.000000
