id,x,y,deg
001_0,s0.000000,s-0.760000,s0.000000
