id,x,y,deg
009_0,s-0.833173,s0.833173,s45.000000
009_1,s0.000000,s0.833173,s225.000000
009_2,s0.833173,s0.833173,s45.000000
009_3,s-0.833173,s0.000000,s225.000000
009_4,s0.000000,s0.000000,s45.000000
009_5,s0.833173,s0.000000,s225.000000
009_6,s-0.833173,s-0.833173,s45.000000
009_7,s0.000000,s-0.833173,s225.000000
009_8,s0.833173,s-0.833173,s45.000000
