id,x,y,deg
009_0,s-1.780000,s1.544205,s0.000000
009_1,s0.000000,s1.544205,s180.000000
009_2,s1.780000,s1.544205,s0.000000
009_3,s-0.890000,s0.000000,s180.000000
009_4,s0.890000,s0.000000,s0.000000
009_5,s2.670000,s0.000000,s180.000000
009_6,s-1.780000,s-1.544205,s0.000000
009_7,s0.000000,s-1.544205,s180.000000
009_8,s1.780000,s-1.544205,s0.000000
