id,x,y,deg
009_0,s-0.286638,s-0.059780,s0.000000
009_1,s-1.481176,s1.034515,s135.000000
009_2,s-0.273035,s-1.679734,s270.000000
009_3,s0.881162,s1.773837,s45.000000
009_4,s-2.870099,s-0.363953,s180.000000
009_5,s1.914554,s-1.420857,s315.000000
009_6,s-1.215464,s3.003405,s90.000000
009_7,s-1.939526,s-2.845049,s225.000000
009_8,s2.870099,s1.272188,s0.000000
