id,x,y,deg
009_0,s-1.643502,s1.643757,s45.000000
009_1,s-0.023502,s1.643127,s225.000000
009_2,s1.596498,s1.643911,s45.000000
009_3,s-1.646631,s0.023760,s225.000000
009_4,s-0.026631,s0.023130,s45.000000
009_5,s1.593369,s0.023914,s225.000000
009_6,s-1.645704,s-1.596239,s45.000000
009_7,s-0.025704,s-1.596870,s225.000000
009_8,s1.594296,s-1.596085,s45.000000
