id,x,y,deg
009_0,s2.296868,s-0.299996,s0.000000
009_1,s1.744031,s1.222770,s0.000000
009_2,s0.340642,s2.033018,s0.000000
009_3,s-1.255234,s1.751622,s0.000000
009_4,s-2.296868,s0.510251,s0.000000
009_5,s-2.296868,s-1.110244,s0.000000
009_6,s-1.255234,s-2.351615,s0.000000
009_7,s0.340642,s-2.633011,s0.000000
009_8,s1.744031,s-1.822763,s0.000000
