id,x,y,deg
009_0,s2.367628,s0.000000,s0.000000
009_1,s1.814784,s1.522785,s0.000000
009_2,s0.411378,s2.333042,s0.000000
009_3,s-1.184516,s2.051643,s0.000000
009_4,s-2.226163,s0.810257,s0.000000
009_5,s-2.226163,s-0.810257,s0.000000
009_6,s-1.184516,s-2.051643,s0.000000
009_7,s0.411378,s-2.333042,s0.000000
009_8,s1.814784,s-1.522785,s0.000000
