id,x,y,deg
009_0,s-1.630898,s1.630802,s0.000000
009_1,s-0.010898,s1.630903,s0.000000
009_2,s1.609102,s1.630809,s0.000000
009_3,s-1.631315,s0.010802,s0.000000
009_4,s-0.011315,s0.010903,s0.000000
009_5,s1.608685,s0.010809,s0.000000
009_6,s-1.631261,s-1.609198,s0.000000
009_7,s-0.011261,s-1.609097,s0.000000
009_8,s1.608739,s-1.609191,s0.000000
