id,x,y,deg
009_0,s0.423587,s-0.283638,s0.000000
009_1,s-0.749337,s1.004636,s135.000000
009_2,s1.879738,s-1.444050,s270.000000
009_3,s-1.957041,s-0.075110,s45.000000
009_4,s0.794450,s1.495675,s180.000000
009_5,s-0.979944,s-1.367272,s315.000000
009_6,s1.944749,s0.354968,s90.000000
009_7,s-1.985103,s2.052148,s225.000000
009_8,s0.429484,s-2.165966,s0.000000
