id,x,y,deg
008_0,s-1.645516,s1.517270,s45.000000
008_1,s-0.025517,s1.518813,s225.000000
008_2,s1.594408,s1.503189,s45.000000
008_3,s-1.641095,s-0.102726,s225.000000
008_4,s-0.021095,s-0.101214,s45.000000
008_5,s1.604559,s-0.116780,s225.000000
008_6,s-0.836168,s-1.522069,s45.000000
008_7,s0.783809,s-1.513480,s225.000000
