id,x,y,deg
008_0,s-0.720000,s1.020000,s0.000000
008_1,s0.000000,s1.020000,s0.000000
008_2,s0.720000,s1.020000,s0.000000
008_3,s-0.720000,s0.000000,s0.000000
008_4,s0.000000,s0.000000,s0.000000
008_5,s0.720000,s0.000000,s0.000000
008_6,s-0.720000,s-1.020000,s0.000000
008_7,s0.000000,s-1.020000,s0.000000
