id,x,y,deg
008_0,s0.111957,s-0.059780,s0.000000
008_1,s-1.082581,s1.034515,s135.000000
008_2,s0.125559,s-1.679734,s270.000000
008_3,s1.279756,s1.773837,s45.000000
008_4,s-2.471504,s-0.363953,s180.000000
008_5,s2.313148,s-1.420857,s315.000000
008_6,s-0.816869,s3.003405,s90.000000
008_7,s-1.540931,s-2.845049,s225.000000
