id,x,y,deg
003_0,s-0.416586,s0.416586,s45.000000
003_1,s0.416586,s0.416586,s225.000000
003_2,s-0.416586,s-0.416586,s225.000000
