id,x,y,deg
003_0,s0.810005,s0.000000,s0.000000
003_1,s-0.810005,s0.810005,s0.000000
003_2,s-0.810005,s-0.810005,s0.000000
