id,x,y,deg
003_0,s-0.846489,s0.480129,s0.000000
003_1,s0.768513,s0.249083,s0.000000
003_2,s-0.237202,s-1.020931,s0.000000
