id,x,y,deg
003_0,s0.000000,s-0.760000,s0.000000
003_1,s-1.140000,s0.760000,s135.000000
003_2,s1.140000,s-1.773333,s270.000000
