id,x,y,deg
003_0,s-0.812630,s0.431492,s0.000000
003_1,s0.811889,s0.430683,s180.000000
003_2,s0.000741,s-0.971615,s0.000000
