id,x,y,deg
006_0,s1.570606,s-0.299990,s0.000000
006_1,s1.173590,s1.270616,s0.000000
006_2,s-1.173590,s1.270616,s0.000000
006_3,s-1.570606,s-0.299990,s0.000000
006_4,s-1.173590,s-1.870596,s0.000000
006_5,s1.173590,s-1.870596,s0.000000
