id,x,y,deg
006_0,s0.436007,s-0.094625,s0.000000
006_1,s-0.853960,s1.298568,s135.000000
006_2,s1.343244,s-1.476468,s270.000000
006_3,s-1.711782,s-0.075674,s45.000000
006_4,s0.738660,s1.595152,s180.000000
006_5,s-0.655114,s-1.303621,s315.000000
