id,x,y,deg
006_0,s-1.780000,s0.772102,s0.000000
006_1,s0.000000,s0.772102,s180.000000
006_2,s1.780000,s0.772102,s0.000000
006_3,s-0.890000,s-0.772102,s180.000000
006_4,s0.890000,s-0.772102,s0.000000
006_5,s2.670000,s-0.772102,s180.000000
