id,x,y,deg
006_0,s-2.025024,s0.702708,s0.000000
006_1,s-0.405005,s0.702708,s180.000000
006_2,s1.215014,s0.702708,s0.000000
006_3,s-1.215014,s-0.702708,s180.000000
006_4,s0.405005,s-0.702708,s0.000000
006_5,s2.025024,s-0.702708,s180.000000
