id,x,y,deg
006_0,s0.111953,s-0.186007,s0.000000
006_1,s-1.082584,s0.908287,s135.000000
006_2,s0.125560,s-1.805976,s270.000000
006_3,s1.279766,s1.647619,s45.000000
006_4,s-2.471522,s-0.490186,s180.000000
006_5,s2.313165,s-1.547097,s315.000000
