id,x,y,deg
004_0,s-0.416586,s0.416586,s45.000000
004_1,s0.416586,s0.416586,s225.000000
004_2,s-0.416586,s-0.416586,s225.000000
004_3,s0.416586,s-0.416586,s45.000000
