id,x,y,deg
004_0,s-0.360000,s0.510000,s0.000000
004_1,s0.360000,s0.510000,s0.000000
004_2,s-0.360000,s-0.510000,s0.000000
004_3,s0.360000,s-0.510000,s0.000000
