id,x,y,deg
004_0,s0.000000,s-0.760000,s0.000000
004_1,s-1.140000,s0.760000,s135.000000
004_2,s1.140000,s-1.773333,s270.000000
004_3,s-1.710000,s-0.253333,s45.000000
