id,x,y,deg
004_0,s-1.208110,s0.697764,s0.000000
004_1,s0.412489,s0.714670,s180.000000
004_2,s-0.412159,s-0.713215,s0.000000
004_3,s1.207780,s-0.699218,s180.000000
