id,x,y,deg
005_0,s-1.250183,s0.374332,s45.000000
005_1,s0.109091,s1.255680,s225.000000
005_2,s1.255058,s0.110620,s45.000000
005_3,s-1.245419,s-1.245661,s225.000000
005_4,s0.374577,s-1.249216,s45.000000
