id,x,y,deg
005_0,s0.000000,s-0.760000,s0.000000
005_1,s-1.140000,s0.760000,s135.000000
005_2,s1.140000,s-1.773333,s270.000000
005_3,s-1.710000,s-0.253333,s45.000000
005_4,s0.570000,s1.266667,s180.000000
