id,x,y,deg
005_0,s-1.780000,s0.772102,s0.000000
005_1,s0.000000,s0.772102,s180.000000
005_2,s1.780000,s0.772102,s0.000000
005_3,s-0.890000,s-0.772102,s180.000000
005_4,s0.890000,s-0.772102,s0.000000
