id,x,y,deg
005_0,s0.745464,s-0.186006,s0.000000
005_1,s-0.449074,s0.908288,s135.000000
005_2,s0.759072,s-1.805979,s270.000000
005_3,s1.879691,s1.647622,s45.000000
005_4,s-1.838014,s-0.490187,s180.000000
