id,x,y,deg
010_0,s-1.827983,s1.395932,s45.000000
010_1,s-0.292888,s1.974262,s225.000000
010_2,s1.325534,s1.902762,s45.000000
010_3,s1.967061,s0.415199,s225.000000
010_4,s-1.935969,s-0.232404,s225.000000
010_5,s-0.428137,s0.359918,s45.000000
010_6,s0.794626,s-0.702744,s225.000000
010_7,s1.892425,s-1.894061,s45.000000
010_8,s-1.887009,s-1.851664,s45.000000
010_9,s-0.268668,s-1.924957,s225.000000
