id,x,y,deg
010_0,s-1.080000,s1.020000,s0.000000
010_1,s-0.360000,s1.020000,s0.000000
010_2,s0.360000,s1.020000,s0.000000
010_3,s1.080000,s1.020000,s0.000000
010_4,s-1.080000,s0.000000,s0.000000
010_5,s-0.360000,s0.000000,s0.000000
010_6,s0.360000,s0.000000,s0.000000
010_7,s1.080000,s0.000000,s0.000000
010_8,s-1.080000,s-1.020000,s0.000000
010_9,s-0.360000,s-1.020000,s0.000000
