id,x,y,deg
010_0,s0.000000,s-0.760000,s0.000000
010_1,s-1.140000,s0.760000,s135.000000
010_2,s1.140000,s-1.773333,s270.000000
010_3,s-1.710000,s-0.253333,s45.000000
010_4,s0.570000,s1.266667,s180.000000
010_5,s-0.570000,s-1.266667,s315.000000
010_6,s1.710000,s0.253333,s90.000000
010_7,s-1.995000,s1.773333,s225.000000
010_8,s0.285000,s-2.111111,s0.000000
010_9,s-0.855000,s-0.591111,s135.000000
