id,x,y,deg
010_0,s-2.670000,s1.544205,s0.000000
010_1,s-0.890000,s1.544205,s180.000000
010_2,s0.890000,s1.544205,s0.000000
010_3,s2.670000,s1.544205,s180.000000
010_4,s-1.780000,s0.000000,s0.000000
010_5,s0.000000,s0.000000,s180.000000
010_6,s1.780000,s0.000000,s0.000000
010_7,s3.560000,s0.000000,s180.000000
010_8,s-2.670000,s-1.544205,s0.000000
010_9,s-0.890000,s-1.544205,s180.000000
