id,x,y,deg
010_0,s-2.835037,s1.405418,s0.000000
010_1,s-1.215016,s1.405418,s180.000000
010_2,s0.405005,s1.405418,s0.000000
010_3,s2.025027,s1.405418,s180.000000
010_4,s-2.025027,s0.000000,s0.000000
010_5,s-0.405005,s0.000000,s180.000000
010_6,s1.215016,s0.000000,s0.000000
010_7,s2.835037,s0.000000,s180.000000
010_8,s-2.835037,s-1.405418,s0.000000
010_9,s-1.215016,s-1.405418,s180.000000
