id,x,y,deg
003_0,s-0.858978,s0.730219,s45.000000
003_1,s0.798506,s0.437163,s225.000000
003_2,s-0.271364,s-0.779453,s225.000000
