id,x,y,deg
003_0,s0.720992,s-0.267032,s0.000000
003_1,s-0.720992,s0.542968,s0.000000
003_2,s-0.720992,s-1.077032,s0.000000
