id,x,y,deg
003_0,s-0.360000,s0.510000,s0.000000
003_1,s0.360000,s0.510000,s0.000000
003_2,s-0.360000,s-0.510000,s0.000000
