id,x,y,deg
003_0,s-0.192539,s-0.108036,s0.000000
003_1,s-1.146167,s1.201568,s135.000000
003_2,s1.018264,s-1.184306,s270.000000
