id,x,y,deg
003_0,s-0.890000,s0.772102,s0.000000
003_1,s0.890000,s0.772102,s180.000000
003_2,s0.000000,s-0.772102,s0.000000
