id,x,y,deg
003_0,s0.412540,s0.487794,s0.000000
003_1,s-0.781997,s1.582088,s135.000000
003_2,s0.508759,s-1.425246,s270.000000
