id,x,y,deg
007_0,s-1.468852,s0.772768,s45.000000
007_1,s-0.028795,s1.644692,s225.000000
007_2,s1.446653,s0.798823,s45.000000
007_3,s-1.443662,s-0.849937,s225.000000
007_4,s-0.006456,s0.024846,s45.000000
007_5,s1.459956,s-0.821122,s225.000000
007_6,s0.028316,s-1.594781,s45.000000
