id,x,y,deg
007_0,s0.425034,s-0.098841,s0.000000
007_1,s-0.867745,s1.300199,s135.000000
007_2,s1.343244,s-1.476468,s270.000000
007_3,s-1.715494,s-0.080280,s45.000000
007_4,s0.717971,s1.631716,s180.000000
007_5,s-0.656046,s-1.305829,s315.000000
007_6,s1.927935,s0.554503,s90.000000
