id,x,y,deg
007_0,s-0.833173,s0.833173,s45.000000
007_1,s0.000000,s0.833173,s225.000000
007_2,s0.833173,s0.833173,s45.000000
007_3,s-0.833173,s0.000000,s225.000000
007_4,s0.000000,s0.000000,s45.000000
007_5,s0.833173,s0.000000,s225.000000
007_6,s-0.833173,s-0.833173,s45.000000
