id,x,y,deg
007_0,s1.639464,s-0.262329,s0.000000
007_1,s1.255011,s1.311405,s0.000000
007_2,s-0.362359,s1.432138,s0.000000
007_3,s-1.725013,s0.556024,s0.000000
007_4,s-1.725013,s-1.080683,s0.000000
007_5,s-0.362359,s-1.956797,s0.000000
007_6,s1.255011,s-1.836064,s0.000000
