id,x,y,deg
007_0,s1.874891,s0.000000,s0.000000
007_1,s1.435231,s1.799723,s0.000000
007_2,s-0.512228,s1.874891,s0.000000
007_3,s-1.874891,s0.998771,s0.000000
007_4,s-1.874891,s-0.998771,s0.000000
007_5,s-0.512228,s-1.874891,s0.000000
007_6,s1.435231,s-1.799723,s0.000000
