id,x,y,deg
007_0,s-1.520000,s1.462175,s0.000000
007_1,s0.098968,s1.520000,s0.000000
007_2,s1.520000,s0.742139,s0.000000
007_3,s-1.520000,s-0.157825,s0.000000
007_4,s0.135837,s-0.099580,s0.000000
007_5,s1.520000,s-1.024031,s0.000000
007_6,s-0.643142,s-1.520000,s0.000000
