id,x,y,deg
007_0,s-0.720000,s1.020000,s0.000000
007_1,s0.000000,s1.020000,s0.000000
007_2,s0.720000,s1.020000,s0.000000
007_3,s-0.720000,s0.000000,s0.000000
007_4,s0.000000,s0.000000,s0.000000
007_5,s0.720000,s0.000000,s0.000000
007_6,s-0.720000,s-1.020000,s0.000000
