id,x,y,deg
007_0,s0.000000,s-0.760000,s0.000000
007_1,s-1.140000,s0.760000,s135.000000
007_2,s1.140000,s-1.773333,s270.000000
007_3,s-1.710000,s-0.253333,s45.000000
007_4,s0.570000,s1.266667,s180.000000
007_5,s-0.570000,s-1.266667,s315.000000
007_6,s1.710000,s0.253333,s90.000000
