id,x,y,deg
007_0,s-1.780000,s1.544205,s0.000000
007_1,s0.000000,s1.544205,s180.000000
007_2,s1.780000,s1.544205,s0.000000
007_3,s-0.890000,s0.000000,s180.000000
007_4,s0.890000,s0.000000,s0.000000
007_5,s2.670000,s0.000000,s180.000000
007_6,s-1.780000,s-1.544205,s0.000000
