id,x,y,deg
007_0,s-2.025024,s1.132379,s0.000000
007_1,s-0.405005,s1.132379,s180.000000
007_2,s1.215014,s1.132379,s0.000000
007_3,s-1.215014,s-0.273037,s180.000000
007_4,s0.405005,s-0.273037,s0.000000
007_5,s2.025024,s-0.273037,s180.000000
007_6,s-2.025024,s-1.678453,s0.000000
