id,x,y,deg
007_0,s0.111953,s-0.721617,s0.000000
007_1,s-1.082584,s0.372678,s135.000000
007_2,s0.125560,s-2.341586,s270.000000
007_3,s1.279766,s1.112009,s45.000000
007_4,s-2.471522,s-1.025796,s180.000000
007_5,s2.313165,s-2.082707,s315.000000
007_6,s-0.816875,s2.341586,s90.000000
