id,x,y,deg
002_0,s0.810005,s0.000000,s0.000000
002_1,s-0.810005,s0.000000,s0.000000
