id,x,y,deg
002_0,s-0.810000,s-0.278032,s0.000000
002_1,s0.810000,s-0.278032,s0.000000
