id,x,y,deg
002_0,s-0.360000,s0.000000,s0.000000
002_1,s0.360000,s0.000000,s0.000000
