id,x,y,deg
002_0,s0.572674,s-0.667083,s0.000000
002_1,s-0.399326,s0.628917,s135.000000
