id,x,y,deg
002_0,s0.682382,s-0.565887,s0.000000
002_1,s-0.512155,s0.528408,s135.000000
