id,x,y,deg
005_0,s-0.833173,s0.416586,s45.000000
005_1,s0.000000,s0.416586,s225.000000
005_2,s0.833173,s0.416586,s45.000000
005_3,s-0.833173,s-0.416586,s225.000000
005_4,s0.000000,s-0.416586,s45.000000
