id,x,y,deg
005_0,s1.435334,s0.000000,s0.000000
005_1,s0.684112,s1.435334,s0.000000
005_2,s-1.435334,s1.301258,s0.000000
005_3,s-1.435334,s-1.301258,s0.000000
005_4,s0.684112,s-1.435334,s0.000000
