id,x,y,deg
005_0,s1.399013,s-0.270518,s0.000000
005_1,s0.563230,s1.117238,s0.000000
005_2,s-1.291469,s0.900901,s0.000000
005_3,s-1.291469,s-1.440762,s0.000000
005_4,s0.560310,s-1.656511,s0.000000
