id,x,y,deg
005_0,s-0.720000,s0.510000,s0.000000
005_1,s0.000000,s0.510000,s0.000000
005_2,s0.720000,s0.510000,s0.000000
005_3,s-0.720000,s-0.510000,s0.000000
005_4,s0.000000,s-0.510000,s0.000000
