id,x,y,deg
005_0,s-1.212356,s0.492734,s0.000000
005_1,s0.193194,s1.298233,s0.000000
005_2,s1.312020,s0.126641,s0.000000
005_3,s-1.170571,s-1.126727,s0.000000
005_4,s0.445321,s-1.242020,s0.000000
