id,x,y,deg
005_0,s0.091174,s-0.211212,s0.000000
005_1,s-0.811687,s1.188231,s135.000000
005_2,s1.248920,s-1.344360,s270.000000
005_3,s-1.576839,s-0.239684,s45.000000
005_4,s0.802206,s1.328763,s180.000000
