id,x,y,deg
005_0,s-1.620001,s0.702700,s0.000000
005_1,s0.000000,s0.702700,s180.000000
005_2,s1.620001,s0.702700,s0.000000
005_3,s-0.810001,s-0.702700,s180.000000
005_4,s0.810001,s-0.702700,s0.000000
